pris,mil,ar,hk,cc,bransle,vaxellada,drivning,datum_i_trafik,marke,modell,biltyp,saljare,farg,alder,log_pris,log_mil
259000,9985,2019,192,1969,Bensin,Automat,Tvåhjulsdriven,NA,Volvo,V90,Kombi,Företag,Grå,6,12.464583340681674,9.208839245849916
289000,9400,2019,191,1969,Bensin,Automat,Fyrhjulsdriven,NA,Volvo,XC40,SUV,Företag,Grå (Osmium Grå Metallic ),6,12.57418196709457,9.148464968258095
17000,43000,2004,141,2435,Bensin,Manuell,Tvåhjulsdriven,NA,Volvo,V70,NA,Privat,Röd,21,9.740968623038354,10.668955394675699
28900,20798,2004,141,2435,Bensin,Manuell,Tvåhjulsdriven,NA,Volvo,S60,Sedan,Företag,Ljusgrå (Grå),21,10.271596874100524,9.942612107220178
61997,2840,2022,130,1477,Bensin,Automat,Tvåhjulsdriven,NA,Volvo,XC40,SUV,Privat,Svart,3,11.034841275759762,7.951559331155252
15000,22521,2004,164,1948,Bensin,Manuell,Tvåhjulsdriven,NA,Volvo,V40,Kombi,Privat,Grå,21,9.615805480084347,10.022203486241112
227300,15837,2018,255,1969,Bensin,Automat,Tvåhjulsdriven,NA,Volvo,V90,Kombi,Företag,Svart,7,12.334026009840635,9.670104253491726
119900,15839,2015,120,1596,Bensin,Manuell,Tvåhjulsdriven,NA,Volvo,V40,Halvkombi,Företag,Vit,10,11.694413341015606,9.670230532062421
12000,28857,1998,145,2435,Bensin,Manuell,Tvåhjulsdriven,NA,Volvo,V70,NA,Privat,Blå,27,9.392661928770137,10.270107876820726
334900,5062,2020,253,1969,Bensin,Automat,Tvåhjulsdriven,NA,Volvo,XC60,SUV,Företag,Vit,5,12.721587258782296,8.529516941105069
319900,4960,2021,200,1969,Bensin,Automat,Tvåhjulsdriven,NA,Volvo,V60,Kombi,Företag,Vit,4,12.675763725937609,8.509161019718974
344900,3100,2021,131,1477,Bensin,Automat,Tvåhjulsdriven,NA,Volvo,XC40,SUV,Företag,Röd,4,12.751009798924933,8.039157390473237
509000,17282,2021,238,1969,Diesel,Automat,Fyrhjulsdriven,NA,Volvo,XC90,SUV,Företag,Svart,4,13.14020329553266,9.757420776401345
264500,9650,2020,192,1969,Diesel,Automat,Tvåhjulsdriven,NA,Volvo,V90,Kombi,Företag,Silver,5,12.48559653028049,9.174713194333032
394500,4046,2023,200,1969,Diesel,Automat,Tvåhjulsdriven,NA,Volvo,XC60,SUV,Företag,Svart,2,12.885374419268066,8.305484017727691
379500,11984,2022,200,1969,Diesel,Automat,Fyrhjulsdriven,NA,Volvo,V90 Cross Country,SUV,Företag,Svart,3,12.84660987581782,9.391327705757
229900,12460,2016,200,1969,Diesel,Automat,Tvåhjulsdriven,NA,Volvo,V70,Kombi,Privat,Svart,9,12.345399710751273,9.430278792341444
217900,7485,2018,191,1969,Diesel,Automat,Tvåhjulsdriven,NA,Volvo,V60,Coupé,Företag,Vit,7,12.291791520932712,8.920656296853728
185000,11607,2018,150,1969,Diesel,Automat,Tvåhjulsdriven,NA,Volvo,V90,Kombi,Privat,Svart,7,12.128111104060462,9.359363643368622
29500,61900,2013,116,1560,Diesel,Automat,Tvåhjulsdriven,NA,Volvo,V70,Kombi,Privat,Vit,12,10.292145542327912,11.033275458672687
33500,23460,2006,136,1997,Diesel,Manuell,Tvåhjulsdriven,NA,Volvo,V50,Kombi,Privat,Grå,19,10.419300717813158,10.063052122207466
65000,21300,2011,116,1560,Diesel,Manuell,Tvåhjulsdriven,NA,Volvo,V50,Kombi,Privat,Röd,14,11.082142548877775,9.966462351697517
44000,29860,2008,136,1997,Diesel,Manuell,Tvåhjulsdriven,NA,Volvo,V70,Kombi,Privat,Brun,17,10.691944912900398,10.304275071093182
53000,23400,2011,109,1560,Diesel,Manuell,Tvåhjulsdriven,NA,Volvo,V70,Kombi,Privat,Brun,14,10.87804719253426,10.060491301345794
629000,138,2024,414,NA,El,Automat,Fyrhjulsdriven,NA,Volvo,XC40,SUV,Företag,Vit,1,13.351886535682578,4.927253685157205
559900,0,2024,275,NA,El,Automat,Tvåhjulsdriven,NA,Volvo,EX30,SUV,Företag,Svart,1,13.235513475336985,NA
559900,0,2024,275,NA,El,Automat,Tvåhjulsdriven,NA,Volvo,EX30,SUV,Företag,Vit,1,13.235513475336985,NA
619900,508,2024,414,NA,El,Automat,Fyrhjulsdriven,NA,Volvo,XC40,SUV,Företag,Grå,1,13.33731345369001,6.230481447578482
449900,1962,2023,234,NA,El,Automat,Tvåhjulsdriven,NA,Volvo,XC40,SUV,Företag,Ljusgrå (Grå),2,13.016780614829264,7.581719640125308
449900,2276,2023,234,NA,El,Automat,Tvåhjulsdriven,NA,Volvo,C40,SUV,Företag,Svart,2,13.016780614829264,7.730174795246222
419900,5093,2023,234,NA,El,Automat,Tvåhjulsdriven,NA,Volvo,XC40,SUV,Företag,Svart,2,12.947771866672285,8.535622326884605
469900,2682,2022,414,NA,El,Automat,Fyrhjulsdriven,NA,Volvo,C40,SUV,Företag,Blå,3,13.060275185090907,7.894318063841624
459900,4258,2021,414,NA,El,Automat,Fyrhjulsdriven,NA,Volvo,XC40,SUV,Företag,Blå,4,13.038764353528014,8.356554845453426
439900,5760,2021,414,NA,El,Automat,Fyrhjulsdriven,NA,Volvo,XC40,SUV,Företag,Grå,4,12.99430270733681,8.658692753689937
599900,501,2024,256,NA,El,Automat,Tvåhjulsdriven,NA,Volvo,XC40,SUV,Företag,Blå,1,13.304518253641184,6.2166061010848646
549900,221,2024,256,NA,El,Automat,Tvåhjulsdriven,NA,Volvo,XC40,SUV,Företag,Silver,1,13.217491722495906,5.3981627015177525
479900,1051,2023,234,NA,El,Automat,Tvåhjulsdriven,NA,Volvo,XC40,SUV,Företag,Silver,2,13.081333027846338,6.957497370876951
359000,12900,2018,408,1969,Miljöbränsle/Hybrid,Automat,Fyrhjulsdriven,NA,Volvo,XC60,SUV,Företag,Vit,7,12.791077667470416,9.464982590349763
389800,7445,2020,391,1969,Miljöbränsle/Hybrid,Automat,Fyrhjulsdriven,NA,Volvo,V90,Kombi,Företag,Grå,5,12.873389066055598,8.915297945118109
404900,7583,2019,391,1969,Miljöbränsle/Hybrid,Automat,Fyrhjulsdriven,NA,Volvo,XC60,SUV,Företag,Röd,6,12.911395402020252,8.933664178700935
324900,8201,2020,304,1969,Miljöbränsle/Hybrid,Automat,Fyrhjulsdriven,NA,Volvo,V90,Kombi,Företag,Grå (Savile Grey Metallic),5,12.691272721657192,9.012011377036412
32000,22698,2009,126,1798,Miljöbränsle/Hybrid,Manuell,Tvåhjulsdriven,NA,Volvo,V50,Kombi,Privat,Blå,16,10.373491181781864,10.030032093861085
439500,8596,2020,396,1969,Miljöbränsle/Hybrid,Automat,Fyrhjulsdriven,NA,Volvo,XC60,SUV,Företag,Svart,5,12.993392996107369,9.059052257762401
493900,8351,2018,407,1969,Miljöbränsle/Hybrid,Automat,Fyrhjulsdriven,NA,Volvo,XC90,SUV,Företag,Vit,7,13.110088346528716,9.03013657115323
442900,3423,2022,262,1477,Miljöbränsle/Hybrid,Automat,Tvåhjulsdriven,NA,Volvo,XC40,SUV,Företag,Svart,3,13.00109928991129,8.138272638530186
359900,6608,2022,211,1477,Miljöbränsle/Hybrid,Automat,Tvåhjulsdriven,NA,Volvo,XC40,SUV,Företag,Svart,3,12.793581494067123,8.796036315200814
189900,16021,2014,283,2400,Miljöbränsle/Hybrid,Automat,Fyrhjulsdriven,NA,Volvo,V60,Kombi,Företag,Vit,11,12.154252896800378,9.681655640646714
368800,11778,2018,408,1969,Miljöbränsle/Hybrid,Automat,Fyrhjulsdriven,NA,Volvo,XC60,SUV,Företag,Ljusbrun (Lbrun),7,12.818009770664576,9.373988663504516
424900,9100,2021,304,1969,Miljöbränsle/Hybrid,Automat,Fyrhjulsdriven,NA,Volvo,XC60,SUV,Företag,Svart,4,12.959609126102903,9.116029692504942
109900,25498,2014,214,1984,Miljöbränsle/Hybrid,Automat,Tvåhjulsdriven,NA,Volvo,V70,Kombi,Företag,Grå,11,11.607326140391713,10.146355296698067
169800,9000,2016,120,1969,Diesel,Automat,Tvåhjulsdriven,NA,Volvo,V40,Halvkombi,Företag,Svart,9,12.042376552859384,9.104979856318357
349900,6814,2022,200,1969,Diesel,Automat,Fyrhjulsdriven,NA,Volvo,V60 Cross Country,Kombi,Företag,Grå,3,12.765402678355779,8.826734598220911
289900,12021,2021,200,1969,Diesel,Automat,Tvåhjulsdriven,NA,Volvo,V90,Kombi,Företag,Vit,4,12.577291314909747,9.394410399304254
369900,7053,2021,200,1969,Diesel,Automat,Fyrhjulsdriven,NA,Volvo,XC60,SUV,Företag,Mörkgrå (Grå),4,12.820987977820545,8.86120833720818
219000,17173,2016,181,2400,Diesel,Automat,Fyrhjulsdriven,NA,Volvo,XC70,Kombi,Privat,Silver,9,12.296827008798639,9.751093661983862
359100,2163,2023,200,1969,Diesel,Automat,Tvåhjulsdriven,NA,Volvo,V60,Kombi,Företag,Silver,2,12.791356180214175,7.679251425953058
339900,8848,2021,200,1969,Diesel,Automat,Fyrhjulsdriven,NA,Volvo,V90,Kombi,Företag,Vit,4,12.736406735684207,9.087946723762116
289000,12783,2021,200,1969,Diesel,Automat,Fyrhjulsdriven,NA,Volvo,V60 Cross Country,Kombi,Företag,Svart,4,12.57418196709457,9.455871442168021
579000,8948,2021,238,1969,Diesel,Automat,Fyrhjulsdriven,NA,Volvo,XC90,SUV,Företag,Grå,4,13.269057756555132,9.09918532261002
359900,10064,2021,200,1969,Diesel,Automat,Fyrhjulsdriven,NA,Volvo,V90 Cross Country,SUV,Företag,Vit,4,12.793581494067123,9.216719978940223
194800,19629,2019,151,1969,Diesel,Automat,Fyrhjulsdriven,NA,Volvo,V60,Kombi,Företag,Vit,6,12.179728670190572,9.884763343537848
559000,11979,2021,238,1969,Diesel,Automat,Fyrhjulsdriven,NA,Volvo,XC90,SUV,Företag,Mörkblå (Blå),4,13.233904752137237,9.39091039573133
299900,9459,2020,192,1969,Diesel,Automat,Fyrhjulsdriven,NA,Volvo,V90,Kombi,Företag,Vit,5,12.6112043647371,9.15472194821317
225000,12999,2018,150,1969,Diesel,Automat,Tvåhjulsdriven,NA,Volvo,S90,Sedan,Privat,Svart,7,12.323855681186558,9.47262771040802
219800,6963,2018,150,1969,Diesel,Automat,Tvåhjulsdriven,NA,Volvo,V60,Kombi,Företag,Grå,7,12.300473320951658,8.848365694942547
189800,12290,2016,181,1969,Diesel,Automat,Tvåhjulsdriven,NA,Volvo,V70,Kombi,Företag,Brun,9,12.153726165157964,9.416541202560081
189800,18427,2018,150,1969,Diesel,Automat,Tvåhjulsdriven,NA,Volvo,V90,Kombi,Företag,Vit,7,12.153726165157964,9.8215722593348609
199800,12861,2014,181,1969,Diesel,Automat,Tvåhjulsdriven,NA,Volvo,V70,Kombi,Företag,Vit,11,12.20507214519659,9.461954755266087
129800,15758,2015,116,1560,Diesel,Manuell,Tvåhjulsdriven,NA,Volvo,V70,Kombi,Företag,Vit,10,11.773750083252127,9.665103451805633
335000,16533,2016,225,1969,Diesel,Automat,Fyrhjulsdriven,NA,Volvo,XC90,SUV,Privat,Vit,9,12.721885810807203,9.713113662551345
128900,14679,2015,116,1560,Diesel,Manuell,Tvåhjulsdriven,NA,Volvo,V40,Halvkombi,Företag,Svart,10,11.766792188927278,9.594173179957233
159999,22900,2018,150,1969,Diesel,Manuell,Tvåhjulsdriven,NA,Volvo,S90,Sedan,Privat,Silver,7,11.982922844196432,10.03889218954233
219800,21542,2017,221,2400,Diesel,Automat,Fyrhjulsdriven,NA,Volvo,XC60,Kombi,Företag,Vit (Ice Vit),8,12.300473320951658,9.977759796910716
230000,7500,2019,150,1969,Diesel,Automat,Tvåhjulsdriven,NA,Volvo,V60,Kombi,Privat,Vit,6,12.345834587905333,8.922658299524402
104900,22398,2009,185,2400,Diesel,Automat,Fyrhjulsdriven,NA,Volvo,XC90,SUV,Företag,Silver,16,11.560762794384388,10.016726948142638
213900,10121,2016,191,2400,Diesel,Automat,Fyrhjulsdriven,NA,Volvo,V60 Cross Country,Kombi,Företag,Brun,9,12.273263895070498,9.222367752188902
199900,19635,2014,215,2400,Diesel,Automat,Fyrhjulsdriven,NA,Volvo,XC60,SUV,Företag,Röd,11,12.205572520488492,9.88506896701211
178900,10714,2017,120,1969,Diesel,Automat,Tvåhjulsdriven,NA,Volvo,V40,Halvkombi,Företag,Svart,8,12.09458226949681,9.279306576440906
159900,15100,2017,191,1969,Diesel,Automat,Tvåhjulsdriven,NA,Volvo,V60,Kombi,Företag,Grå,8,11.982303898822046,9.622450022803015
254800,8200,2020,191,1969,Diesel,Automat,Tvåhjulsdriven,NA,Volvo,V60,Kombi,Företag,Vit,5,12.448234202680146,9.011889433252344
154900,16700,2016,150,1969,Diesel,Manuell,Tvåhjulsdriven,NA,Volvo,V60 Cross Country,Kombi,Företag,Vit,9,11.95053502640496,9.723163998404846
289500,9280,2021,191,1969,Diesel,Automat,Tvåhjulsdriven,NA,Volvo,V90,Kombi,Företag,Vit,4,12.575910575995186,9.135616825780247
174900,17500,2016,191,1969,Diesel,Automat,Tvåhjulsdriven,NA,Volvo,V60 Cross Country,SUV,Företag,Brun (Brown),9,12.071969661006694,9.769956159911606
69900,15440,2010,109,1560,Diesel,Manuell,Tvåhjulsdriven,NA,Volvo,V50,Kombi,Företag,Ljusgrå (Grå),15,11.154820928221902,9.644716823578767
109900,20410,2012,116,1560,Diesel,Automat,Tvåhjulsdriven,NA,Volvo,V70,Kombi,Företag,Svart,13,11.607326140391713,9.92378025580389
159800,14300,2015,191,1969,Diesel,Manuell,Tvåhjulsdriven,NA,Volvo,V40,Halvkombi,Företag,Vit,10,11.981678312314312,9.568014816247999
149800,11701,2013,136,1984,Diesel,Automat,Tvåhjulsdriven,NA,Volvo,S60,Sedan,Företag,Svart,12,11.917056350065256,9.367429587218957
209800,11322,2018,120,1969,Diesel,Automat,Tvåhjulsdriven,NA,Volvo,V40,Halvkombi,Företag,Svart,7,12.253909974944333,9.334503014596605
139900,10900,2014,115,1560,Diesel,Manuell,Tvåhjulsdriven,NA,Volvo,V60,Kombi,Företag,Blå,11,11.848683160653573,9.296518068217235
229800,8225,2017,150,1969,Diesel,Automat,Tvåhjulsdriven,NA,Volvo,V40 Cross Country,Halvkombi,Företag,Vit,8,12.344964644396793,9.014933575633572
249800,10658,2019,150,1969,Diesel,Automat,Tvåhjulsdriven,NA,Volvo,XC40,SUV,Företag,Grå,6,12.428415876673615,9.274066062856727
179800,16551,2016,150,1969,Diesel,Automat,Tvåhjulsdriven,NA,Volvo,V70,Kombi,Företag,Silver,9,12.099600401019657,9.71420180194054
79900,18640,2012,116,1560,Diesel,Manuell,Tvåhjulsdriven,NA,Volvo,S60,Sedan,Privat,Grå,13,11.288531131754366,9.833065088239582
9500,39112,2006,185,2400,Diesel,Automat,Tvåhjulsdriven,NA,Volvo,V70,Kombi,Privat,Grå,19,9.159047077588632,10.574184604258482
168000,12200,2015,181,1969,Diesel,Automat,Tvåhjulsdriven,NA,Volvo,V60,Kombi,Privat,Svart,10,12.031719258385396,9.409191230721348
62000,35881,2010,206,2400,Diesel,Automat,Fyrhjulsdriven,NA,Volvo,XC70,Kombi,Privat,Röd,15,11.03488966402723,10.487963186464397
209900,9927,2014,181,2400,Diesel,Automat,Fyrhjulsdriven,NA,Volvo,V70,Kombi,Företag,Röd,11,12.254386505808725,9.203013596589722
98800,33015,2011,206,2400,Diesel,Automat,Fyrhjulsdriven,NA,Volvo,XC70,Kombi,Företag,Ljusbrun (Lbrun),14,11.50085288373596,10.404717282628672
299900,13225,2017,236,1969,Diesel,Automat,Fyrhjulsdriven,NA,Volvo,V90,Kombi,Företag,Silver,8,12.6112043647371,9.4898642567265
198900,6700,2017,120,1969,Diesel,Automat,Tvåhjulsdriven,NA,Volvo,V40 Cross Country,Halvkombi,Företag,Vit,8,12.200557464842063,8.809862805379057
219800,6845,2015,180,1984,Bensin,Automat,Fyrhjulsdriven,NA,Volvo,V40 Cross Country,Halvkombi,Företag,Vit,10,12.300473320951658,8.83127373772255
42000,23892,2004,141,2435,Bensin,Manuell,Tvåhjulsdriven,NA,Volvo,V70,Kombi,Privat,Vit,21,10.645424897265505,10.081298953852196
11000,28863,1997,170,2435,Bensin,Automat,Tvåhjulsdriven,NA,Volvo,S70,Sedan,Privat,Röd,28,9.305650551780507,10.270315777029374
279800,13560,2018,262,1969,Bensin,Automat,Tvåhjulsdriven,NA,Volvo,S90,Sedan,Företag,Grå,7,12.541830341213517,9.514879561494386
144900,10555,2015,120,1596,Bensin,Manuell,Tvåhjulsdriven,NA,Volvo,V40,Halvkombi,Företag,Silver,10,11.883799128308773,9.264354960282422
277000,10770,2019,310,1969,Bensin,Automat,Fyrhjulsdriven,NA,Volvo,V60,Kombi,Företag,Vit,6,12.531772785169476,9.284519770150434
262000,7589,2019,214,1969,Bensin,Automat,Tvåhjulsdriven,NA,Volvo,V90,Kombi,Företag,Svart,6,12.476099782743233,8.934455109403913
329900,8998,2020,251,1969,Bensin,Automat,Tvåhjulsdriven,NA,Volvo,XC60,SUV,Företag,Svart,5,12.706544857216672,9.104757609401117
373000,2606,2023,200,1969,Bensin,Automat,Tvåhjulsdriven,NA,Volvo,V60,Kombi,Företag,Grå,2,12.829333698625952,7.8655717576847906
299500,4841,2021,131,1477,Bensin,Automat,Tvåhjulsdriven,NA,Volvo,XC40,SUV,Företag,Svart,4,12.609869696537642,8.484876589939695
39900,26999,2005,221,2521,Bensin,Automat,Fyrhjulsdriven,NA,Volvo,V50,Kombi,Företag,Svart,20,10.594131602877955,10.203555107263542
25000,43657,1989,116,2316,Bensin,Manuell,Tvåhjulsdriven,NA,Volvo,740,Sedan,Privat,Grå,36,10.126631103850338,10.684118914962527
6000,27027,1993,141,2435,Bensin,Manuell,Tvåhjulsdriven,NA,Volvo,850,Sedan,Privat,Röd,32,8.699514748210191,10.20459164531955
14900,25000,2005,141,2435,Bensin,Manuell,Tvåhjulsdriven,NA,Volvo,S40,Sedan,Företag,Svart,20,9.60911649193355,10.126631103850338
17000,23285,2003,200,2435,Bensin,Automat,Tvåhjulsdriven,NA,Volvo,S80,Sedan,Privat,Grå,22,9.740968623038354,10.055564655416477
265900,10350,2020,191,1969,Bensin,Automat,Tvåhjulsdriven,NA,Volvo,S60,Sedan,Företag,Mörkgrå (Grå),5,12.490875577231112,9.244741798693514
329800,13601,2019,253,1969,Bensin,Automat,Fyrhjulsdriven,NA,Volvo,V90 Cross Country,SUV,Företag,Mörkblå (Blå),6,12.706241689107635,9.517898598432753
269000,6228,2018,192,1969,Bensin,Automat,Tvåhjulsdriven,NA,Volvo,S90,Sedan,Företag,Grå,7,12.502466658583977,8.73681053295389
609000,0,2024,253,1969,Bensin,Automat,Fyrhjulsdriven,NA,Volvo,V90 Cross Country,SUV,Företag,Silver,1,13.319573546692034,NA
259000,9985,2019,192,1969,Bensin,Automat,Tvåhjulsdriven,NA,Volvo,V90,Kombi,Företag,Grå,6,12.464583340681674,9.208839245849916
289000,9400,2019,191,1969,Bensin,Automat,Fyrhjulsdriven,NA,Volvo,XC40,SUV,Företag,Grå (Osmium Grå Metallic ),6,12.57418196709457,9.148464968258095
28900,20798,2004,141,2435,Bensin,Manuell,Tvåhjulsdriven,NA,Volvo,S60,Sedan,Företag,Ljusgrå (Grå),21,10.271596874100524,9.942612107220178
15000,22521,2004,164,1948,Bensin,Manuell,Tvåhjulsdriven,NA,Volvo,V40,Kombi,Privat,Grå,21,9.615805480084347,10.022203486241112
227300,15837,2018,255,1969,Bensin,Automat,Tvåhjulsdriven,NA,Volvo,V90,Kombi,Företag,Svart,7,12.334026009840635,9.670104253491726
119900,15839,2015,120,1596,Bensin,Manuell,Tvåhjulsdriven,NA,Volvo,V40,Halvkombi,Företag,Vit,10,11.694413341015606,9.670230532062421
334900,5062,2020,253,1969,Bensin,Automat,Tvåhjulsdriven,NA,Volvo,XC60,SUV,Företag,Vit,5,12.721587258782296,8.529516941105069
319900,4960,2021,200,1969,Bensin,Automat,Tvåhjulsdriven,NA,Volvo,V60,Kombi,Företag,Vit,4,12.675763725937609,8.509161019718974
344900,3100,2021,131,1477,Bensin,Automat,Tvåhjulsdriven,NA,Volvo,XC40,SUV,Företag,Röd,4,12.751009798924933,8.039157390473237
29900,27800,2004,164,1948,Bensin,Manuell,Tvåhjulsdriven,NA,Volvo,V40,Kombi,Företag,Blå,21,10.305613759378778,10.232791299678729
39900,22890,2003,123,NA,Bensin,Manuell,Tvåhjulsdriven,NA,Volvo,S40,Sedan,Företag,Silver,22,10.594131602877955,10.038455412946613
40000,28400,2008,170,2435,Bensin,Automat,Tvåhjulsdriven,NA,Volvo,V70,Kombi,Privat,Grå,17,10.596634733096073,10.254144424149297
129800,15000,2014,150,1596,Bensin,Manuell,Tvåhjulsdriven,NA,Volvo,V60,Kombi,Företag,Blå,11,11.773750083252127,9.615805480084347
29900,26000,2001,141,NA,Bensin,Manuell,Tvåhjulsdriven,NA,Volvo,V70,Kombi,Företag,Mörkgrön (Grön),24,10.305613759378778,10.165851817003619
42900,23750,2004,170,2435,Bensin,Automat,Tvåhjulsdriven,NA,Volvo,V50,Kombi,Företag,Blå,21,10.666627104916108,10.075337809462788
269800,13559,2018,255,1969,Bensin,Automat,Tvåhjulsdriven,NA,Volvo,S90,Sedan,Företag,Svart (Onyx Svart Metallic),7,12.505436222755792,9.51480581246231
29000,23330,2004,141,2435,Bensin,Manuell,Tvåhjulsdriven,NA,Volvo,S40,Sedan,Företag,Ljusgrön (Ljusgul Metallic),21,10.275051108968611,10.057495365015475
509900,6544,2020,251,1969,Bensin,Automat,Fyrhjulsdriven,NA,Volvo,XC90,SUV,Företag,Vit,5,13.141969907043247,8.786303878282583
319000,10750,2018,255,1969,Bensin,Automat,Tvåhjulsdriven,NA,Volvo,S90,Sedan,Företag,Silver,7,12.672946381766982,9.28266103355581
5000,41135,2003,141,2435,Bensin,Automat,Tvåhjulsdriven,NA,Volvo,V70,Kombi,Privat,Vit,22,8.517193191416238,10.624614619603031
284000,3449,2021,131,1477,Bensin,Automat,Tvåhjulsdriven,NA,Volvo,XC40,SUV,Företag,Svart,4,12.556729517143344,8.145839612936841
24900,31135,2007,141,2435,Bensin,Manuell,Tvåhjulsdriven,NA,Volvo,S60,Sedan,Företag,Ljusgrå (Grå),18,10.1226230824528,10.346087867306553
21500,20700,2004,141,2435,Bensin,Manuell,Tvåhjulsdriven,NA,Volvo,V50,Kombi,Privat,Röd,21,9.975808214115753,9.93788897925346
230000,20938,2018,255,1969,Bensin,Automat,Tvåhjulsdriven,NA,Volvo,V90,Kombi,Företag,Svart,7,12.345834587905333,9.9493209688793
32000,31919,2002,200,2435,Bensin,Automat,Fyrhjulsdriven,NA,Volvo,XC70,Kombi,Privat,Blå,23,10.373491181781864,10.3709567227522
2000,30894,2002,200,2435,Bensin,Manuell,Tvåhjulsdriven,NA,Volvo,V70,Kombi,Privat,Grå,23,7.600902459542082,10.338317269274196
275000,5687,2021,130,1477,Bensin,Automat,Tvåhjulsdriven,NA,Volvo,XC40,SUV,Företag,Vit,4,12.524526376648708,8.645938147306799
350000,7268,2021,253,1969,Bensin,Automat,Fyrhjulsdriven,NA,Volvo,XC60,SUV,Företag,Mörkblå (Mblå),4,12.765688433465597,8.891236429516061
149800,14603,2013,241,1999,Bensin,Manuell,Tvåhjulsdriven,NA,Volvo,S60,Sedan,Företag,Svart,12,11.917056350065256,9.588982266040471
27900,24354,2006,126,1798,Bensin,Manuell,Tvåhjulsdriven,NA,Volvo,V50,Kombi,Privat,Vit,19,10.236381967809457,10.100451386066952
16999,20844,2001,109,1587,Bensin,Manuell,Tvåhjulsdriven,NA,Volvo,S40,Sedan,Privat,Brun,24,9.74090979777877,9.944821416029106
429800,8830,2021,304,1969,Miljöbränsle/Hybrid,Automat,Fyrhjulsdriven,NA,Volvo,V90,Kombi,Företag,Svart,4,12.971075263190547,9.085910293598007
499000,9288,2021,396,1969,Miljöbränsle/Hybrid,Automat,Fyrhjulsdriven,NA,Volvo,XC60,SUV,Företag,Grå,4,13.120361374733656,9.136478523377727
599900,5983,2021,396,1969,Miljöbränsle/Hybrid,Automat,Fyrhjulsdriven,NA,Volvo,XC90,SUV,Företag,Svart,4,13.304518253641184,8.696677393390031
389900,11267,2020,396,1969,Miljöbränsle/Hybrid,Automat,Fyrhjulsdriven,NA,Volvo,XC60,SUV,Företag,Vit,5,12.87364557497069,9.329633378164166
355000,8176,2020,398,1969,Miljöbränsle/Hybrid,Automat,Fyrhjulsdriven,NA,Volvo,V60,Kombi,Företag,Vit,5,12.779873068457553,9.008958312443486
689900,2,2023,463,1969,Miljöbränsle/Hybrid,Automat,Fyrhjulsdriven,NA,Volvo,S90,Sedan,Företag,Svart,2,13.4443019385342,0.6931471805599453
359900,8269,2021,266,1477,Miljöbränsle/Hybrid,Automat,Tvåhjulsdriven,NA,Volvo,XC40,SUV,Företag,Svart,4,12.793581494067123,9.020268861722167
409000,8318,2021,344,1969,Miljöbränsle/Hybrid,Automat,Fyrhjulsdriven,NA,Volvo,XC60,SUV,Företag,Ljusbrun (Brun),4,12.921470435024938,9.026177120302856
329000,8045,2020,344,1969,Miljöbränsle/Hybrid,Automat,Fyrhjulsdriven,NA,Volvo,V60,Kombi,Företag,Svart,5,12.70381302974751,8.992806059426483
589000,12845,2021,396,1969,Miljöbränsle/Hybrid,Automat,Fyrhjulsdriven,NA,Volvo,XC90,SUV,Företag,Svart,4,13.286181462633724,9.460709909543985
679000,615,2024,404,1969,Miljöbränsle/Hybrid,Automat,Fyrhjulsdriven,NA,Volvo,V90,Kombi,Företag,Svart,1,13.428376406540833,6.421622267806518
479900,3436,2022,344,1969,Miljöbränsle/Hybrid,Automat,Fyrhjulsdriven,NA,Volvo,XC60,SUV,Företag,Grå,3,13.081333027846338,8.142063283104147
528900,2348,2022,342,1969,Miljöbränsle/Hybrid,Automat,Fyrhjulsdriven,NA,Volvo,XC60,SUV,Företag,Mörkblå (Mblå),3,13.178554657054072,7.761319180947987
329900,15634,2021,253,1969,Miljöbränsle/Hybrid,Automat,Fyrhjulsdriven,NA,Volvo,XC60,SUV,Företag,Vit,4,12.706544857216672,9.657203308780275
339000,6557,2021,253,1969,Miljöbränsle/Hybrid,Automat,Fyrhjulsdriven,NA,Volvo,V60,Kombi,Företag,Vit,4,12.733755386362587,8.788288460263619
369900,5429,2020,253,2020,Miljöbränsle/Hybrid,Automat,Fyrhjulsdriven,NA,Volvo,V60,Kombi,Företag,Svart (Onyx Svart Metallic),5,12.820987977820545,8.599510233905452
39900,16108,2007,126,1798,Miljöbränsle/Hybrid,Manuell,Tvåhjulsdriven,NA,Volvo,V50,Kombi,Företag,Ljusgrå (Grå),18,10.594131602877955,9.687071321971345
429900,15100,2017,407,1969,Miljöbränsle/Hybrid,Automat,Fyrhjulsdriven,NA,Volvo,XC90,SUV,Företag,Svart,8,12.971307902484373,9.622450022803015
199800,13290,2015,283,2400,Miljöbränsle/Hybrid,Automat,Fyrhjulsdriven,NA,Volvo,V60,Kombi,Företag,Blå,10,12.20507214519659,9.494767151707292
399900,9377,2018,408,1969,Miljöbränsle/Hybrid,Automat,Fyrhjulsdriven,NA,Volvo,XC60,SUV,Företag,Vit,7,12.89896979483491,9.146015161419625
429000,8008,2020,396,1969,Miljöbränsle/Hybrid,Automat,Fyrhjulsdriven,NA,Volvo,XC60,SUV,Företag,Mörkgrå (Grå),5,12.969212197910155,8.988196320995057
389000,5036,2021,266,1477,Miljöbränsle/Hybrid,Automat,Tvåhjulsdriven,NA,Volvo,XC40,SUV,Företag,Grå,4,12.871334622600584,8.524367395164237
444800,12582,2017,407,1969,Miljöbränsle/Hybrid,Automat,Fyrhjulsdriven,NA,Volvo,XC90,SUV,Företag,Grå,8,13.00538002191851,9.440022500129976
499000,1356,2024,404,1969,Miljöbränsle/Hybrid,Automat,Fyrhjulsdriven,NA,Volvo,V90,Kombi,Företag,Grå,1,13.120361374733656,7.212294468500341
429000,7000,2021,344,1969,Miljöbränsle/Hybrid,Automat,Fyrhjulsdriven,NA,Volvo,XC60,SUV,Företag,Vit,4,12.969212197910155,8.85366542803745
414900,8412,2020,391,1969,Miljöbränsle/Hybrid,Automat,Fyrhjulsdriven,NA,Volvo,XC60,SUV,Företag,Vit (Pärlemor-Metallic Vit),5,12.93579280632096,9.03741453682259
424900,4459,2021,391,1969,Miljöbränsle/Hybrid,Automat,Fyrhjulsdriven,NA,Volvo,V60,Kombi,Företag,Röd (Pärlemor-Metallic Röd),4,12.959609126102903,8.402679804627477
314900,15637,2019,392,1969,Miljöbränsle/Hybrid,Automat,Fyrhjulsdriven,NA,Volvo,V60,Kombi,Företag,Vit,6,12.660010407089116,9.65739517984351
459500,2051,2023,214,1477,Miljöbränsle/Hybrid,Automat,Tvåhjulsdriven,NA,Volvo,XC40,SUV,Företag,Röd,2,13.03789422077788,7.62608275807238
369900,4504,2022,211,1477,Miljöbränsle/Hybrid,Automat,Tvåhjulsdriven,NA,Volvo,XC40,SUV,Företag,Svart,3,12.820987977820545,8.412721169819527
378800,8199,2020,392,1969,Miljöbränsle/Hybrid,Automat,Fyrhjulsdriven,NA,Volvo,V60,Kombi,Företag,Svart,5,12.84476364029406,9.011767474596178
329900,7750,2021,211,1477,Miljöbränsle/Hybrid,Automat,Tvåhjulsdriven,NA,Volvo,XC40,SUV,Företag,Svart,4,12.706544857216672,8.955448122347393
469000,8712,2021,344,1969,Miljöbränsle/Hybrid,Automat,Fyrhjulsdriven,NA,Volvo,XC60,SUV,Företag,Silver,4,13.058358047428417,9.072456664612796
464800,5839,2020,304,1969,Miljöbränsle/Hybrid,Automat,Fyrhjulsdriven,NA,Volvo,XC60,Kombi,Företag,Svart (Onyx Svart Metallic),5,13.049362484519838,8.672314828283538
35900,19123,2007,126,1798,Miljöbränsle/Hybrid,Manuell,Tvåhjulsdriven,NA,Volvo,V50,Kombi,Privat,Röd,18,10.48849257447637,9.858647078062974
399000,15200,2016,407,1969,Miljöbränsle/Hybrid,Automat,Fyrhjulsdriven,NA,Volvo,XC90,SUV,Privat,Svart,9,12.896716695872,9.629050706834368
269000,11511,2020,344,1969,Miljöbränsle/Hybrid,Automat,Fyrhjulsdriven,NA,Volvo,V60,Kombi,Företag,Silver,5,12.502466658583977,9.351058378915061
44900,16499,2008,126,1798,Miljöbränsle/Hybrid,Manuell,Tvåhjulsdriven,NA,Volvo,C30,Halvkombi,Företag,Röd,17,10.712193073730345,9.711055051991444
348900,3687,2020,340,1969,Miljöbränsle/Hybrid,Automat,Fyrhjulsdriven,NA,Volvo,V60,Kombi,Företag,Svart,5,12.762540627174866,8.212568398234145
639000,4600,2023,399,1969,Miljöbränsle/Hybrid,Automat,Fyrhjulsdriven,NA,Volvo,XC60,SUV,Företag,Grå,2,13.367659733359671,8.433811582477187
369000,1880,2021,340,1969,Miljöbränsle/Hybrid,Automat,Fyrhjulsdriven,NA,Volvo,V60,Kombi,Företag,Röd (Vinröd),4,12.818551923022664,7.539027055823995
39900,24000,2008,126,1798,Miljöbränsle/Hybrid,Manuell,Tvåhjulsdriven,NA,Volvo,V50,Kombi,Företag,Ljusblå (Blå),17,10.594131602877955,10.085809109330082
549000,2473,2022,396,1969,Miljöbränsle/Hybrid,Automat,Fyrhjulsdriven,NA,Volvo,V90,Kombi,Företag,Grå,3,13.215853720491667,7.813187267521416
697800,0,2024,344,1969,Miljöbränsle/Hybrid,Automat,Fyrhjulsdriven,NA,Volvo,S60,Sedan,Företag,Silver,1,13.455687807734812,NA
29900,21285,2002,141,2435,Miljöbränsle/Hybrid,Manuell,Tvåhjulsdriven,NA,Volvo,S60,Sedan,Företag,Röd,23,10.305613759378778,9.965757878262252
59800,35499,2009,200,2521,Miljöbränsle/Hybrid,Automat,Tvåhjulsdriven,NA,Volvo,V70,Kombi,Företag,Grå,16,10.998760939938723,10.477259806052668
89000,18931,2010,232,2521,Miljöbränsle/Hybrid,Automat,Tvåhjulsdriven,NA,Volvo,V70,Kombi,Privat,Grå,15,11.396391648714276,9.84855606900991
80000,18550,2009,146,1999,Miljöbränsle/Hybrid,Automat,Tvåhjulsdriven,NA,Volvo,V70,Kombi,Privat,Brun,16,11.289781913656018,9.82822506803558
27000,38240,2009,146,1999,Miljöbränsle/Hybrid,Manuell,Tvåhjulsdriven,NA,Volvo,V70,Kombi,Privat,Grå,16,10.203592144986466,10.551637367165338
56000,39000,2015,214,1984,Miljöbränsle/Hybrid,Automat,Tvåhjulsdriven,NA,Volvo,V70,Kombi,Privat,Svart,10,10.933106969717286,10.571316925111784
